<?xml version="1.0" encoding="windows-1252" ?>
<adfc-mobile-config xmlns="http://xmlns.oracle.com/adf/controller" version="1.0">
  <task-flow-definition id="Department-task-flow">
    <default-activity>DepartmentList</default-activity>
    <view id="DepartmentList">
      <page>/Department/DepartmentList.amx</page>
    </view>
    <view id="Department">
      <page>/Department/Department.amx</page>
    </view>
    <view id="Employee">
      <page>/Department/Employee.amx</page>
    </view>
    <control-flow-rule id="__1">
      <from-activity-id>DepartmentList</from-activity-id>
      <control-flow-case id="__2">
        <from-outcome>Department</from-outcome>
        <to-activity-id>Department</to-activity-id>
      </control-flow-case>
    </control-flow-rule>
    <control-flow-rule id="__3">
      <from-activity-id>Department</from-activity-id>
      <control-flow-case id="__4">
        <from-outcome>Employee</from-outcome>
        <to-activity-id>Employee</to-activity-id>
      </control-flow-case>
    </control-flow-rule>
    <control-flow-rule id="__5">
      <from-activity-id>Department</from-activity-id>
      <control-flow-case id="__6">
        <from-outcome>newEmployee</from-outcome>
        <to-activity-id>Employee</to-activity-id>
      </control-flow-case>
    </control-flow-rule>
  </task-flow-definition>
</adfc-mobile-config>
