<?xml version="1.0" encoding="UTF-8" ?>
<adfmf:features xmlns:xsi="http://www.w3.org/2001/XMLSchema-instance" xmlns:adfmf="http://xmlns.oracle.com/adf/mf">
  <adfmf:feature id="Department" name="Department">
    <adfmf:content id="Department.1">
      <adfmf:amx file="Department/Department-task-flow.xml#Department-task-flow"/>
    </adfmf:content>
  </adfmf:feature>
  <adfmf:feature id="Region" name="Region">
    <adfmf:content id="Region.1">
      <adfmf:amx file="Region/Region-task-flow.xml#Region-task-flow"/>
    </adfmf:content>
  </adfmf:feature>
</adfmf:features>
