<?xml version = '1.0' encoding = 'windows-1252'?>
<jdbc-data-source xmlns:xsi="http://www.w3.org/2001/XMLSchema-instance"
                  xsi:schemaLocation="http://xmlns.oracle.com/weblogic/jdbc-data-source http://xmlns.oracle.com/weblogic/jdbc-data-source/1.3/jdbc-data-source.xsd"
                  xmlns="http://xmlns.oracle.com/weblogic/jdbc-data-source">
  <name>hr</name>
  <jdbc-driver-params>
    <url>jdbc:oracle:thin:@localhost:1521:orcl</url>
    <driver-name>oracle.jdbc.OracleDriver</driver-name>
    <properties>
      <property>
        <name>user</name>
        <value>hr</value>
      </property>
    </properties>
    <password-encrypted>221CE6B0A87AC61AE68FF3A130F7F666</password-encrypted>
  </jdbc-driver-params>
  <jdbc-connection-pool-params>
    <test-table-name>SQL SELECT 1 FROM DUAL</test-table-name>
  </jdbc-connection-pool-params>
  <jdbc-data-source-params>
    <jndi-name>jdbc/hrDS</jndi-name>
    <scope>Application</scope>
  </jdbc-data-source-params>
</jdbc-data-source>
