<?xml version="1.0" encoding="UTF-8" ?>
<pageDefinition xmlns="http://xmlns.oracle.com/adfm/uimodel" version="12.1.3.16.21" id="DepartmentPageDef"
                Package="mobile.pageDefs">
  <parameters/>
  <executables>
    <variableIterator id="variables"/>
    <iterator id="DepartmentServiceIterator" Binds="root" DataControl="DepartmentService" RangeSize="25"/>
    <accessorIterator id="departmentIterator" MasterBinding="DepartmentServiceIterator" Binds="department"
                      BeanClass="mobile.model.Department" DataControl="DepartmentService" RangeSize="25"/>
    <accessorIterator id="employeesIterator" MasterBinding="departmentIterator" Binds="employees"
                      BeanClass="mobile.model.Employee" DataControl="DepartmentService" RangeSize="25"/>
    <accessorIterator MasterBinding="departmentIterator" Binds="manager" RangeSize="25" DataControl="DepartmentService"
                      BeanClass="mobile.model.Employee" id="managerIterator"/>
  </executables>
  <bindings>
    <attributeValues id="hasDepartmentDataSynchActions" IterBinding="DepartmentServiceIterator">
      <AttrNames>
        <Item Value="hasDepartmentDataSynchActions"/>
      </AttrNames>
    </attributeValues>
    <attributeValues id="isNewEntity" IterBinding="departmentIterator">
      <AttrNames>
        <Item Value="isNewEntity"/>
      </AttrNames>
    </attributeValues>
    <methodAction id="saveDepartment" RequiresUpdateModel="true" Action="invokeMethod" MethodName="saveDepartment"
                  DataControl="DepartmentService" InstanceName="data.DepartmentService.dataProvider"
                  IsViewObjectMethod="false">
      <NamedData NDName="entity" NDValue="#{bindings.departmentIterator.currentRow.dataProvider}"
                 NDType="mobile.model.Department"/>
    </methodAction>
    <attributeValues id="departmentId" IterBinding="departmentIterator">
      <AttrNames>
        <Item Value="departmentId"/>
      </AttrNames>
    </attributeValues>
    <attributeValues id="departmentName" IterBinding="departmentIterator">
      <AttrNames>
        <Item Value="departmentName"/>
      </AttrNames>
    </attributeValues>
    <attributeValues id="locationId" IterBinding="departmentIterator">
      <AttrNames>
        <Item Value="locationId"/>
      </AttrNames>
    </attributeValues>
    <attributeValues id="managerId" IterBinding="departmentIterator">
      <AttrNames>
        <Item Value="managerId"/>
      </AttrNames>
    </attributeValues>
    <tree id="employees" IterBinding="employeesIterator">
      <nodeDefinition Name="employees0" DefName="mobile.model.Employee">
        <AttrNames>
          <Item Value="lastName"/>
          <Item Value="firstName"/>
        </AttrNames>
      </nodeDefinition>
    </tree>
    <action id="DeleteDepartment" RequiresUpdateModel="false" Action="removeCurrentRow"
            IterBinding="departmentIterator"/>
    <action id="CreateEmployee" RequiresUpdateModel="true" Action="createRow" IterBinding="employeesIterator"/>
    <methodAction id="synchronizeDepartment" RequiresUpdateModel="true" Action="invokeMethod"
                  MethodName="synchronizeDepartment" DataControl="DepartmentService"
                  InstanceName="data.DepartmentService.dataProvider" IsViewObjectMethod="false">
      <NamedData NDName="inBackground" NDValue="true" NDType="java.lang.Boolean"/>
    </methodAction>
    <attributeValues IterBinding="managerIterator" id="lastName">
      <AttrNames>
        <Item Value="lastName"/>
      </AttrNames>
    </attributeValues>
  </bindings>
</pageDefinition>
