<?xml version="1.0" encoding="UTF-8" ?>
<pageDefinition xmlns="http://xmlns.oracle.com/adfm/uimodel" version="12.1.3.16.21" id="DepartmentListPageDef"
                Package="mobile.pageDefs">
  <parameters/>
  <executables>
    <variableIterator id="variables">
      <variable Name="find_searchValue" Type="java.lang.String"/>
    </variableIterator>
    <iterator id="DepartmentServiceIterator" Binds="root" DataControl="DepartmentService" RangeSize="25"/>
    <accessorIterator id="departmentIterator" MasterBinding="DepartmentServiceIterator" Binds="department"
                      BeanClass="mobile.model.Department" DataControl="DepartmentService" RangeSize="25"/>
  </executables>
  <bindings>
    <attributeValues id="hasDepartmentDataSynchActions" IterBinding="DepartmentServiceIterator">
      <AttrNames>
        <Item Value="hasDepartmentDataSynchActions"/>
      </AttrNames>
    </attributeValues>
    <action id="CreateDepartment" RequiresUpdateModel="true" Action="createRow" IterBinding="departmentIterator"/>
    <methodAction id="findDepartment" RequiresUpdateModel="true" Action="invokeMethod" MethodName="findDepartment"
                  DataControl="DepartmentService" InstanceName="data.DepartmentService.dataProvider"
                  IsViewObjectMethod="false">
      <NamedData NDName="searchValue" NDValue="${bindings.find_searchValue}" NDType="java.lang.String"/>
    </methodAction>
    <attributeValues id="searchValue" IterBinding="variables">
      <AttrNames>
        <Item Value="find_searchValue"/>
      </AttrNames>
    </attributeValues>
    <tree id="department" IterBinding="departmentIterator">
      <nodeDefinition Name="department0" DefName="mobile.model.Department">
        <AttrNames>
          <Item Value="departmentName"/>
          <Item Value="departmentId"/>
        </AttrNames>
      </nodeDefinition>
    </tree>
    <methodAction id="findAllDepartmentRemote" RequiresUpdateModel="true" Action="invokeMethod"
                  MethodName="findAllDepartmentRemote" DataControl="DepartmentService"
                  InstanceName="data.DepartmentService.dataProvider" IsViewObjectMethod="false"/>
    <methodAction id="synchronizeDepartment" RequiresUpdateModel="true" Action="invokeMethod"
                  MethodName="synchronizeDepartment" DataControl="DepartmentService"
                  InstanceName="data.DepartmentService.dataProvider" IsViewObjectMethod="false">
      <NamedData NDName="inBackground" NDValue="true" NDType="java.lang.Boolean"/>
    </methodAction>
  </bindings>
</pageDefinition>
