<?xml version="1.0" encoding="UTF-8" ?>
<pageDefinition xmlns="http://xmlns.oracle.com/adfm/uimodel" version="12.1.3.16.21" id="RegionPageDef"
                Package="mobile.pageDefs">
  <parameters/>
  <executables>
    <variableIterator id="variables"/>
    <iterator id="RegionServiceIterator" Binds="root" DataControl="RegionService" RangeSize="25"/>
    <accessorIterator id="regionIterator" MasterBinding="RegionServiceIterator" Binds="region"
                      BeanClass="mobile.model.Region" DataControl="RegionService" RangeSize="25"/>
    <accessorIterator id="countriesViewIterator" MasterBinding="regionIterator" Binds="countriesView"
                      BeanClass="mobile.model.Country" DataControl="RegionService" RangeSize="25"/>
  </executables>
  <bindings>
    <attributeValues id="hasRegionDataSynchActions" IterBinding="RegionServiceIterator">
      <AttrNames>
        <Item Value="hasRegionDataSynchActions"/>
      </AttrNames>
    </attributeValues>
    <attributeValues id="isNewEntity" IterBinding="regionIterator">
      <AttrNames>
        <Item Value="isNewEntity"/>
      </AttrNames>
    </attributeValues>
    <methodAction id="saveRegion" RequiresUpdateModel="true" Action="invokeMethod" MethodName="saveRegion"
                  DataControl="RegionService" InstanceName="data.RegionService.dataProvider" IsViewObjectMethod="false">
      <NamedData NDName="entity" NDValue="#{bindings.regionIterator.currentRow.dataProvider}"
                 NDType="mobile.model.Region"/>
    </methodAction>
    <attributeValues id="regionId" IterBinding="regionIterator">
      <AttrNames>
        <Item Value="regionId"/>
      </AttrNames>
    </attributeValues>
    <attributeValues id="regionName" IterBinding="regionIterator">
      <AttrNames>
        <Item Value="regionName"/>
      </AttrNames>
    </attributeValues>
    <tree id="countriesView" IterBinding="countriesViewIterator">
      <nodeDefinition Name="countriesView0" DefName="mobile.model.Country">
        <AttrNames>
          <Item Value="countryName"/>
        </AttrNames>
      </nodeDefinition>
    </tree>
    <action id="DeleteRegion" RequiresUpdateModel="false" Action="removeCurrentRow" IterBinding="regionIterator"/>
    <action id="CreateCountry" RequiresUpdateModel="true" Action="createRow" IterBinding="countriesViewIterator"/>
    <methodAction id="synchronizeRegion" RequiresUpdateModel="true" Action="invokeMethod" MethodName="synchronizeRegion"
                  DataControl="RegionService" InstanceName="data.RegionService.dataProvider" IsViewObjectMethod="false">
      <NamedData NDName="inBackground" NDValue="true" NDType="java.lang.Boolean"/>
    </methodAction>
  </bindings>
</pageDefinition>
