<?xml version="1.0" encoding="UTF-8" ?>
<pageDefinition xmlns="http://xmlns.oracle.com/adfm/uimodel" version="12.1.3.16.21" id="RegionListPageDef"
                Package="mobile.pageDefs">
  <parameters/>
  <executables>
    <variableIterator id="variables">
      <variable Name="find_searchValue" Type="java.lang.String"/>
    </variableIterator>
    <iterator id="RegionServiceIterator" Binds="root" DataControl="RegionService" RangeSize="25"/>
    <accessorIterator id="regionIterator" MasterBinding="RegionServiceIterator" Binds="region"
                      BeanClass="mobile.model.Region" DataControl="RegionService" RangeSize="25"/>
  </executables>
  <bindings>
    <attributeValues id="hasRegionDataSynchActions" IterBinding="RegionServiceIterator">
      <AttrNames>
        <Item Value="hasRegionDataSynchActions"/>
      </AttrNames>
    </attributeValues>
    <action id="CreateRegion" RequiresUpdateModel="true" Action="createRow" IterBinding="regionIterator"/>
    <methodAction id="findRegion" RequiresUpdateModel="true" Action="invokeMethod" MethodName="findRegion"
                  DataControl="RegionService" InstanceName="data.RegionService.dataProvider" IsViewObjectMethod="false">
      <NamedData NDName="searchValue" NDValue="${bindings.find_searchValue}" NDType="java.lang.String"/>
    </methodAction>
    <attributeValues id="searchValue" IterBinding="variables">
      <AttrNames>
        <Item Value="find_searchValue"/>
      </AttrNames>
    </attributeValues>
    <tree id="region" IterBinding="regionIterator">
      <nodeDefinition Name="region0" DefName="mobile.model.Region">
        <AttrNames>
          <Item Value="regionName"/>
        </AttrNames>
      </nodeDefinition>
    </tree>
    <methodAction id="findAllRegionRemote" RequiresUpdateModel="true" Action="invokeMethod"
                  MethodName="findAllRegionRemote" DataControl="RegionService"
                  InstanceName="data.RegionService.dataProvider" IsViewObjectMethod="false"/>
    <methodAction id="synchronizeRegion" RequiresUpdateModel="true" Action="invokeMethod" MethodName="synchronizeRegion"
                  DataControl="RegionService" InstanceName="data.RegionService.dataProvider" IsViewObjectMethod="false">
      <NamedData NDName="inBackground" NDValue="true" NDType="java.lang.Boolean"/>
    </methodAction>
  </bindings>
</pageDefinition>
